Wall time,Step,Value
1677745987.623445,0,42.38913345336914
1677746193.520006,1,2647.359375
1677746397.689381,2,132708.5625
1677746601.41111,3,473.9764709472656
1677746801.584873,4,8.364348411560059
1677747002.549543,5,137.88011169433594
1677747203.320269,6,3.5843207836151123
1677747404.984932,7,0.792857825756073
1677747606.618352,8,2.5142953395843506
1677747811.999024,9,0.583922266960144
1677748021.159784,10,0.7632854580879211
1677748230.436485,11,1.1305235624313354
1677748436.810589,12,3.2937612533569336
1677748645.332617,13,1.2467114925384521
1677748853.881877,14,0.7134457230567932
1677749066.158447,15,0.8666059970855713
1677749273.792115,16,1.2901393175125122
1677749487.047861,17,0.8231974244117737
1677749697.988286,18,0.8814030885696411
1677749910.935245,19,0.9348609447479248
1677750120.734683,20,0.843473494052887
1677750325.708611,21,1.02067232131958
1677750530.099168,22,0.8264068365097046
1677750730.896456,23,0.7144469618797302
1677750933.799407,24,0.6142721772193909
1677751137.585756,25,0.7144050002098083
1677751342.805353,26,1.0081592798233032
1677751548.876387,27,0.6734387874603271
1677751750.55027,28,0.9566531777381897
1677751953.351067,29,1.094632625579834
1677752155.533069,30,0.9135658144950867
1677752357.450845,31,1.0755383968353271
1677752561.282792,32,0.7098453640937805
1677752764.704171,33,0.8515730500221252
1677752968.593103,34,0.7636114358901978
1677753171.025181,35,0.6697790622711182
1677753372.883857,36,0.8828058242797852
1677753576.548458,37,0.8999104499816895
1677753778.021783,38,0.7170001864433289
1677753980.911351,39,1.0354763269424438
1677754187.608738,40,0.9095580577850342
1677754392.143711,41,1.039290189743042
1677754596.316625,42,1.0021870136260986
1677754799.224934,43,1.0583572387695312
1677755006.465622,44,1.0062776803970337
1677755209.891895,45,1.086125373840332
1677755412.846602,46,0.9286901354789734
1677755615.276406,47,0.9459221363067627
1677755819.883034,48,0.9831158518791199
1677756024.484082,49,0.994404137134552
