Wall time,Step,Value
1650793767.956291,0,0.8175406455993652
1650794079.483028,1,0.5194429755210876
1650794385.196617,2,0.6889577507972717
1650794706.413378,3,0.6387948393821716
1650795019.184702,4,31.423423767089844
1650795330.617482,5,0.8288862109184265
1650795635.666444,6,5.643712520599365
1650795949.121292,7,12.3331880569458
1650796260.327966,8,0.5540832877159119
1650796577.284044,9,0.4330427050590515
1650796905.700104,10,3.9223039150238037
1650797218.981456,11,0.2726665139198303
1650797530.040188,12,0.3628435432910919
1650797850.861267,13,0.3372800350189209
1650798171.438826,14,0.29077020287513733
1650798476.71213,15,0.3392200171947479
1650798782.041363,16,0.43502095341682434
1650799095.714227,17,0.6605340838432312
1650799407.47626,18,0.599746584892273
1650799728.375294,19,0.372860312461853
1650800034.339612,20,0.36126163601875305
1650800340.661634,21,0.38190367817878723
1650800654.631381,22,0.37613174319267273
1650800970.709341,23,0.8480202555656433
1650801287.521835,24,0.5920126438140869
1650801614.119878,25,0.3493340015411377
1650801930.545531,26,0.49887898564338684
1650802242.226989,27,0.44264498353004456
1650802557.119892,28,0.49845829606056213
1650802865.36362,29,0.4703795313835144
1650803176.597091,30,0.41379645466804504
1650803488.405058,31,0.506715714931488
1650803817.953718,32,0.4309599995613098
1650804127.504196,33,0.6456361413002014
1650804440.369292,34,0.5216003656387329
1650804756.653008,35,0.5927819013595581
1650805088.226333,36,0.6167604327201843
1650805398.085364,37,0.4926195442676544
1650805707.124007,38,0.507580041885376
1650806016.677081,39,0.5524651408195496
1650806325.227151,40,0.544120192527771
1650806635.279926,41,0.6374730467796326
1650806944.651882,42,0.5620372891426086
1650807264.216054,43,0.6059834361076355
1650807587.976743,44,0.5824971199035645
1650807903.903631,45,0.547256588935852
1650808213.581128,46,0.5610832571983337
1650808521.215094,47,0.5186344385147095
1650808828.69663,48,0.6379943490028381
1650809145.696104,49,0.5817574262619019
