Wall time,Step,Value
1650735504.479364,0,26895.5
1650735748.36723,1,11.91462516784668
1650735992.850476,2,12.36589241027832
1650736238.087207,3,5.947942733764648
1650736483.695723,4,3.8293046951293945
1650736730.524095,5,2.836617946624756
1650736973.455726,6,18.966236114501953
1650737218.178442,7,3.2913479804992676
1650737462.13332,8,6.629084587097168
1650737706.395538,9,4.283567905426025
1650737951.193674,10,1.2294518947601318
1650738195.758932,11,19.494722366333008
1650738439.582998,12,0.807621419429779
1650738684.635303,13,2.9457573890686035
1650738931.967376,14,0.4547942578792572
1650739181.698023,15,4.474443435668945
1650739431.648446,16,1.8727264404296875
1650739677.558706,17,10.207258224487305
1650739921.84764,18,0.8470771908760071
1650740164.373705,19,4.3452467918396
1650740411.399925,20,1.2989453077316284
1650740662.132317,21,8.976144790649414
1650740907.011068,22,8.519503593444824
1650741152.97973,23,4.21006965637207
1650741398.790524,24,5.14605188369751
1650741647.701823,25,0.4450950622558594
1650741893.397835,26,20.315994262695312
1650742136.195835,27,7.114192485809326
1650742377.977157,28,9.166321754455566
1650742619.629453,29,4.590701580047607
1650742866.089963,30,5.86284875869751
1650743111.176413,31,22.306472778320312
1650743353.649622,32,3.9762072563171387
1650743600.016633,33,6.426434516906738
1650743844.629062,34,8.773767471313477
1650744091.326708,35,8.807415008544922
1650744335.895176,36,8.576415061950684
1650744577.804794,37,6.760715484619141
1650744820.332957,38,5.429925918579102
1650745066.282834,39,10.0833101272583
1650745312.462882,40,3.1576664447784424
1650745554.937975,41,10.533173561096191
1650745801.826658,42,14.358182907104492
1650746047.313251,43,5.225594997406006
1650746292.623897,44,9.702363967895508
1650746534.85856,45,10.495560646057129
1650746778.008168,46,17.37478256225586
1650747021.174068,47,11.341676712036133
1650747264.161233,48,7.862517356872559
1650747511.952418,49,6.248171329498291
