Wall time,Step,Value
1677894825.74146,0,14.467411994934082
1677895086.10931,1,4.160811901092529
1677895337.608418,2,13.94893741607666
1677895629.63019,3,4.7469353675842285
1677895884.222958,4,4.639730453491211
1677896138.848859,5,10.849586486816406
1677896393.963425,6,0.38900646567344666
1677896659.559185,7,0.32413697242736816
1677896921.478605,8,1.202720046043396
1677897176.032647,9,2.651883363723755
1677897440.470941,10,2.7847177982330322
1677897694.813726,11,0.6297321319580078
1677897949.01462,12,21.641931533813477
1677898213.195244,13,2.4077444076538086
1677898476.077452,14,0.7198862433433533
1677898730.593399,15,0.4794853627681732
1677898985.274198,16,0.3151363134384155
1677899240.730044,17,0.6816116571426392
1677899505.919855,18,0.4766349494457245
1677899767.566808,19,0.5515165328979492
1677900029.624503,20,0.4674871861934662
1677900291.385922,21,0.4826367199420929
1677900581.813002,22,0.2592499852180481
1677900842.46747,23,0.26224449276924133
1677901101.61519,24,0.715491533279419
1677901361.216325,25,0.377779096364975
1677901620.687381,26,0.7476451396942139
1677901880.335203,27,1.34078049659729
1677902131.106507,28,0.385578453540802
1677902381.225511,29,0.34431570768356323
1677902631.646073,30,0.7574882507324219
1677902889.571411,31,0.2380947321653366
1677903179.18342,32,0.3566358685493469
1677903429.718054,33,0.2138729989528656
1677903680.000556,34,0.42869532108306885
1677903937.888568,35,0.4326745271682739
1677904188.844398,36,0.24807994067668915
1677904447.924662,37,0.3250427842140198
1677904706.998401,38,0.5553686022758484
1677904957.865576,39,0.26409465074539185
1677905208.880772,40,0.3427596688270569
1677905459.170499,41,0.32577934861183167
1677905710.45505,42,0.24263553321361542
1677905962.81248,43,0.3214327394962311
1677906253.494784,44,0.3221031427383423
1677906514.142405,45,0.28211545944213867
1677906773.69322,46,0.3623957335948944
1677907032.634082,47,0.3757350444793701
1677907283.44313,48,0.3297730088233948
1677907534.339138,49,0.2976171672344208
