Wall time,Step,Value
1677796106.661436,0,26.29120445251465
1677796260.000467,1,6.3681793212890625
1677796410.990892,2,32.775691986083984
1677796562.066178,3,4.650262832641602
1677796714.271039,4,27.11427116394043
1677796866.275048,5,326.5275573730469
1677797018.475094,6,67.0761947631836
1677797170.950686,7,455.5266418457031
1677797324.414889,8,96.49948120117188
1677797478.710571,9,220.21945190429688
1677797634.389097,10,11.79177474975586
1677797787.162459,11,150.38746643066406
1677797939.929334,12,0.995891273021698
1677798093.957698,13,3.827235460281372
1677798248.193539,14,3.993659734725952
1677798402.970801,15,0.698955774307251
1677798559.526306,16,1.612572193145752
1677798714.641445,17,4.148841381072998
1677798870.093756,18,18.36431121826172
1677799027.447836,19,11.45307445526123
1677799183.995424,20,0.4089413583278656
1677799339.038332,21,0.1710439771413803
1677799495.731165,22,23.16887855529785
1677799650.937198,23,6.223343372344971
1677799808.292018,24,28.772916793823242
1677799962.637699,25,0.384555459022522
1677800117.805851,26,0.1710999310016632
1677800272.972194,27,8.706398963928223
1677800427.545293,28,10.227548599243164
1677800582.722442,29,0.14234429597854614
1677800738.171904,30,0.15879203379154205
1677800892.781874,31,5.5074782371521
1677801047.519702,32,0.3520161509513855
1677801201.725902,33,0.2952982187271118
1677801357.876816,34,0.23284819722175598
1677801512.68469,35,0.19577261805534363
1677801667.819832,36,22.25865936279297
1677801824.357037,37,0.1336643248796463
1677801977.845677,38,0.18967773020267487
1677802133.543244,39,0.25856447219848633
1677802288.1675,40,0.1768762618303299
1677802443.660349,41,0.24558471143245697
1677802598.134444,42,0.18186956644058228
1677802755.431864,43,0.181929811835289
1677802909.991215,44,0.18481186032295227
1677803066.839189,45,0.16377626359462738
1677803222.357667,46,0.18776792287826538
1677803380.67112,47,0.23003000020980835
1677803535.987017,48,0.17077285051345825
1677803691.853886,49,0.19372810423374176
