Wall time,Step,Value
1650676871.502295,0,176.77322387695312
1650676992.616042,1,585.8258056640625
1650677114.605462,2,13.858814239501953
1650677235.592278,3,2.5481503009796143
1650677357.755549,4,9.512168884277344
1650677482.451772,5,41.64364242553711
1650677607.09909,6,3.932847499847412
1650677730.91486,7,1.0544307231903076
1650677853.036174,8,1.2559840679168701
1650677974.253787,9,0.8246569037437439
1650678096.061955,10,1.0307002067565918
1650678236.738617,11,0.5486529469490051
1650678358.908115,12,1.1998753547668457
1650678483.44057,13,0.6761869192123413
1650678605.059796,14,1.286081075668335
1650678727.234332,15,2.1687138080596924
1650678848.574886,16,0.7242357730865479
1650678970.163319,17,0.8598121404647827
1650679091.671272,18,0.7005731463432312
1650679214.119233,19,0.6518159508705139
1650679338.402955,20,0.9556103944778442
1650679460.79504,21,0.7933151125907898
1650679582.628005,22,1.2052074670791626
1650679705.111919,23,0.6155413389205933
1650679826.968982,24,0.9138574004173279
1650679951.454136,25,0.6767246723175049
1650680076.172392,26,1.066715955734253
1650680200.405661,27,0.826085090637207
1650680325.264485,28,0.7609594464302063
1650680447.051161,29,0.7374902963638306
1650680569.207687,30,0.782908022403717
1650680691.178878,31,1.058232307434082
1650680813.156127,32,0.5872244834899902
1650680935.52622,33,0.6294521689414978
1650681057.063675,34,0.8922412395477295
1650681179.034063,35,0.6615263819694519
1650681301.523153,36,0.6230162382125854
1650681426.314942,37,0.6939005851745605
1650681547.774348,38,1.1754934787750244
1650681669.73446,39,1.1240700483322144
1650681794.36108,40,0.6653218865394592
1650681916.308188,41,0.685709536075592
1650682040.813138,42,0.6514049172401428
1650682164.014314,43,0.6541798114776611
1650682289.222274,44,0.7440817952156067
1650682411.64621,45,0.95770663022995
1650682533.872254,46,0.7152790427207947
1650682656.577146,47,0.9836531281471252
1650682779.805364,48,0.7845169305801392
1650682902.186178,49,0.7794356346130371
