Wall time,Step,Value
1650511742.14042,0,2.803276538848877
1650511940.249968,1,1.2420165538787842
1650512136.162625,2,218112.3125
1650512332.653874,3,1.6075236797332764
1650512528.985039,4,35.515899658203125
1650512725.015693,5,1.4622762203216553
1650512921.530232,6,1.128161072731018
1650513119.439329,7,57212.55078125
1650513316.101312,8,459.5770568847656
1650513513.215243,9,15.92080020904541
1650513710.511165,10,23.221120834350586
1650513906.479039,11,49.930503845214844
1650514103.212404,12,3.341209650039673
1650514299.208435,13,13.52232837677002
1650514495.120594,14,52.477115631103516
1650514691.08471,15,47.578739166259766
1650514890.208702,16,5.577071189880371
1650515088.816312,17,44.02621841430664
1650515287.127443,18,25.075002670288086
1650515485.374744,19,13.774277687072754
1650515681.319681,20,12.424480438232422
1650515879.026332,21,11.015904426574707
1650516076.608637,22,5.7083420753479
1650516275.681075,23,24.04471778869629
1650516474.339904,24,28.63677978515625
1650516672.955425,25,5.341787338256836
1650516871.139453,26,7.113315582275391
1650517072.286707,27,10.749353408813477
1650517275.809116,28,7.491795539855957
1650517476.329313,29,7.556411266326904
1650517676.043799,30,5.798773288726807
1650517877.662706,31,5.034022331237793
1650518075.726698,32,3.635246515274048
1650518275.762241,33,6.373483180999756
1650518474.251403,34,4.422552108764648
1650518672.073333,35,10.810249328613281
1650518876.181101,36,9.528326034545898
1650519078.269981,37,8.238361358642578
1650519277.894755,38,5.506534099578857
1650519478.852992,39,9.044322967529297
1650519679.212132,40,6.425403594970703
1650519876.53428,41,7.546572685241699
1650520077.595455,42,11.594279289245605
1650520274.991558,43,3.709622859954834
1650520472.236308,44,5.491255283355713
1650520668.448281,45,7.941458702087402
1650520867.200226,46,15.197562217712402
1650521066.141298,47,14.773860931396484
1650521264.13082,48,9.81920337677002
1650521465.053058,49,9.661666870117188
